id,Restaurant_name
0,Koko Japanese Restaurant
1,UMENOHANA
2,ABOVE ELEVEN
3,Kosirae
4,เรือนต้น
5,Lord Jims Restaurant
6,ข้าวหมูแดงสีมรกต
7,Sushi Masa
8,Fillets
9,รุ่งเรือง ก๋วยเตี๋ยวหมู สุขุมวิท26
10,ครัวสา รสจัด
11,ตวง ติ่มซำ
12,Little Tree Garden
13,ซ้งเป็ดพะโล้
14,Creamery Boutique Ice Cream
15,Penguin Eat Shabu Buffet
16,Farm to Table
17,Mo-Mo-Paradise (Gold)
18,ครัวดอกไม้ขาว คลองถม - วรจักร - ยศเส
19,Bottomless
